Wall time,Step,Value
1546504995.0878723,0,0.692459762096405
1546505028.8810496,1,0.6534031629562378
1546505064.122409,2,0.5733962655067444
1546505095.499121,3,0.5480899810791016
1546505128.708139,4,0.4890112578868866
1546505166.3529763,5,0.4795900881290436
1546505205.2007606,6,0.4934420585632324
1546505243.2058434,7,0.4710347056388855
1546505280.459409,8,0.4852209985256195
1546505314.202634,9,0.4845845699310303
