Wall time,Step,Value
1546504995.0878723,0,0.5125601291656494
1546505028.8810496,1,0.6297434568405151
1546505064.122409,2,0.7049705982208252
1546505095.499121,3,0.7153928279876709
1546505128.708139,4,0.7629609704017639
1546505166.3529763,5,0.7664350867271423
1546505205.2007606,6,0.7581506967544556
1546505243.2058434,7,0.7779262661933899
1546505280.459409,8,0.7814003229141235
1546505314.202634,9,0.7831373810768127
